longitude,latitude,alignment
-270.137517,119.25497100000001,republican
-249.526536,98.412798,republican
-267.110274,108.242883,republican
-255.256413,132.976272,republican
-270.725328,98.536104,republican
-296.7259929,90.88622579999999,republican
-295.562559,125.76772500000001,republican
-286.682433,109.120287,republican
-268.06944,123.33426,republican
-340.282068,139.187865,republican
-290.84265300000004,136.87019099999998,republican
-320.4668064,134.3842611,republican
-245.08047900000003,83.861058,republican
-367.58157,114.402204,democrat
-235.3885719,111.68798790000001,democrat
-278.105865,106.18660500000001,republican
-280.480041,126.210072,republican
-242.051805,104.15374499999999,republican
-247.31227199999998,118.57605000000001,republican
-285.5375547,95.5172478,republican
-372.282402,129.55773,republican
-265.949691,110.17003199999999,republican
-250.652598,133.268751,republican
-276.342693,96.30366,republican
-246.936174,100.721997,republican
-242.375598,125.567823,republican
-279.735276,123.706791,republican
-280.480041,126.210072,republican
-230.629911,115.240374,republican
-252.19268999999997,115.54041899999999,republican
-283.922544,138.630729,republican
-267.39748199999997,107.45638500000001,republican
-259.342371,118.44793800000001,republican
-315.99003,107.92260000000002,democrat
-297.50206679999997,80.9638878,democrat
-213.266682,125.245764,democrat
-272.387166,107.891931,republican
-264.93716670000003,129.1867608,republican
-261.2226,124.846782,republican
-268.769541,122.079411,democrat
-250.86327300000002,123.94603799999999,republican
-338.5026351,119.0848884,republican
-266.841354,120.458466,republican
-256.161624,124.965405,republican
-356.6806449,139.6964088,republican
-283.131501,111.249348,republican
-249.264996,104.29222800000001,democrat
-289.26714000000004,121.709274,democrat
-265.621578,138.510762,republican
-277.7025354,119.52487589999998,republican
-261.881481,97.91701499999999,democrat
-309.03578699999997,123.642708,republican
-287.80662,110.38776000000001,republican
-290.050359,120.765702,republican
-254.578242,105.461742,republican
-265.905333,116.85801,republican
-323.01435,114.06831,democrat
-301.206405,140.613924,republican
-246.57111899999998,87.881589,republican
-265.425108,97.272921,republican
-279.248562,129.702597,republican
-285.848004,115.69301100000001,republican
-249.95147400000002,112.55342099999999,republican
-247.344897,101.376453,republican
-269.849538,126.83421899999999,democrat
-295.540026,123.650553,republican
-302.39394,139.156674,democrat
-228.46106100000003,106.22447100000001,republican
-259.8171,137.692416,republican
-365.40651,110.05319999999999,democrat
-307.73830169999997,95.6825265,republican
-292.46044500000005,106.77015300000001,republican
-250.33797300000003,106.192461,republican
-317.671671,103.66493399999999,republican
-241.1369634,117.84606690000001,republican
-229.20692400000001,110.35435079999999,democrat
-245.033628,91.27654799999999,republican
-267.583917,120.94565999999999,republican
-367.209234,126.32625,democrat
-231.8510547,116.4469068,democrat
-281.407917,117.20611500000001,republican
-243.2154444,115.33800120000001,republican
-293.48387280000003,88.9440183,republican
-311.584035,114.58465799999999,republican
-265.291878,124.76442,republican
-297.927552,115.570788,republican
-281.221512,92.4356967,republican
-309.265332,113.769093,republican
-319.050237,117.61602299999998,democrat
-255.68474099999997,114.71703299999999,republican
-232.3392495,113.234349,republican
-264.0501279,133.3150494,republican
-263.08092,118.17429,republican
-317.152944,117.356742,republican
-305.45579399999997,100.7493723,republican
-248.38615499999997,83.539803,republican
-293.1575514,85.1613537,republican
-226.318086,118.76318700000002,republican
-285.065862,130.950522,republican
-213.054759,127.01565300000001,democrat
-280.9647,99.29457000000001,republican
-253.168386,99.243447,republican
-284.77572,118.76082,republican
-248.79445499999997,109.356267,republican
-300.9332451,86.37858299999999,democrat
-280.480041,126.210072,republican
-319.055478,114.54361800000001,democrat
-240.266757,126.363879,republican
-249.28834799999998,114.350649,republican
-286.8774597,95.3457726,republican
-292.85998259999997,83.14613220000001,republican
-243.13401600000003,107.054934,republican
-256.035867,103.422537,republican
-310.449012,102.06362099999998,republican
-294.37543949999997,87.4769883,republican
-249.05634300000003,114.563583,republican
-275.24505899999997,97.239474,republican
-243.33215819999998,112.22156189999998,republican
-293.498916,134.675949,republican
-243.62581500000002,104.97544199999999,republican
-215.63824499999998,126.79582500000001,democrat
-264.262293,101.361255,republican
-234.02534400000002,111.9958992,republican
-294.305769,84.8036238,republican
-315.113223,137.540391,republican
-253.323912,95.09634,republican
-245.595108,89.95975200000001,republican
-301.32368399999996,118.05164099999999,republican
-350.393376,133.344669,republican
-299.6437836,96.8379363,republican
-250.997841,123.000651,republican
-277.09889699999997,116.072598,republican
-267.967875,126.27592800000001,republican
-267.49017000000003,96.96378000000001,republican
-309.2343558,94.5022749,republican
-249.90126,91.25898000000001,republican
-347.60381700000005,142.524789,republican
-283.032267,112.502397,republican
-363.008493,112.686948,democrat
-238.09184399999998,102.49243200000001,democrat
-294.616311,116.089737,republican
-248.625816,100.677957,democrat
-230.773218,117.75679199999999,democrat
-248.173251,124.197387,republican
-222.71898599999997,118.674249,republican
-349.387248,145.438959,republican
-265.089381,102.843225,republican
-320.963106,121.45099199999999,democrat
-290.0209653,85.5094716,republican
-232.087089,114.0960915,republican
-371.115111,138.073527,democrat
-266.1267459,135.04630709999998,democrat
-292.7878923,89.4896913,republican
-242.1898698,117.7897308,republican
-251.53544039999997,108.8939061,republican
-279.89808,113.1876,republican
-280.644603,119.335761,republican
-253.33141799999999,96.85296299999999,republican
-291.162858,119.343321,republican
-281.66720399999997,98.826243,republican
-252.672054,121.68392700000001,republican
-230.27020650000003,114.3459609,republican
-271.193175,93.532548,democrat
-293.4136797,98.3317791,republican
-290.387178,131.00241599999998,republican
-306.0311301,95.51064,republican
-255.418155,104.700636,republican
-296.12666579999996,101.8549602,republican
-232.03952429999998,112.53935729999999,democrat
-286.86918,143.30832,republican
-298.210254,120.53629800000002,republican
-284.36319,110.570208,republican
-362.035536,136.19764800000002,republican
-258.690363,117.585339,republican
-351.5970519,136.6747824,republican
-273.4404861,137.6194902,republican
-267.624003,109.646013,republican
-318.412665,118.863069,democrat
-266.628453,100.26693900000001,democrat
-334.63281900000004,128.358216,republican
-232.19505600000002,109.265322,democrat
-241.12289370000002,111.5250006,democrat
-367.611624,133.466694,republican
-242.04316799999998,107.267157,republican
-275.03958,107.20857000000001,democrat
-245.19611700000002,88.781688,republican
-266.420214,136.87532399999998,republican
-249.209163,113.096949,republican
-285.40842,139.32738,republican
-324.868467,114.384678,democrat
-217.6460235,130.77718620000002,democrat
-267.83877900000005,118.636572,republican
-243.48537600000003,87.173307,republican
-240.85390800000002,110.04561180000002,republican
-339.2584332,117.10948530000002,republican
-247.17943200000002,82.426668,republican
-290.28630599999997,133.065273,republican
-243.255552,95.94121200000001,democrat
-292.46044500000005,106.77015300000001,republican
-252.340383,129.573222,republican
-233.01150239999998,117.2953758,democrat
-307.57641,122.80914,republican
-248.117139,111.57697499999999,republican
-323.0112264,131.7926052,republican
-373.169808,129.26647200000002,democrat
-304.0061685,106.09096890000001,republican
-364.938504,128.05128299999998,republican
-260.21292,124.61275499999999,republican
-247.71599399999997,122.54635200000001,republican
-329.573052,139.490901,republican
-358.573938,118.31515499999999,republican
-310.52266499999996,116.98122000000001,republican
-249.92733,102.26607899999999,republican
-268.997982,127.04917799999998,republican
-241.06183799999997,121.514973,republican
-358.8226095,143.2958127,republican
-272.03686200000004,121.367424,republican
-283.795749,117.30721199999999,democrat
-235.773369,101.799684,republican
-321.11188200000004,115.584969,democrat
-213.98125199999998,124.46265600000001,democrat
-272.906016,115.090293,republican
-316.2985866,115.40760180000001,republican
-277.923807,95.823561,republican
-226.99456800000002,125.871261,republican
-273.941808,113.899677,republican
-243.39689700000002,109.468068,republican
-329.3556054,112.75783140000001,republican
-349.900623,141.655353,republican
-251.212923,114.456747,republican
-270.164424,101.08118400000001,democrat
-252.435345,113.910942,republican
-307.5490632,94.3458354,republican
-247.816878,103.51950599999999,republican
-285.6695256,99.60079769999999,republican
-359.44659,108.217434,republican
-281.01478499999996,112.634292,democrat
-235.72659,108.908931,republican
-352.897146,113.33689799999999,republican
-229.904787,105.25465799999999,republican
-259.749915,110.22179399999999,republican
-284.498889,115.700316,republican
-285.720195,134.282025,republican
-257.107905,113.90983500000002,republican
-244.62553590000002,110.5320447,republican
-239.617593,116.42579940000002,republican
-327.52375800000004,139.14187199999998,republican
-282.5113488,89.504316,republican
-358.4712996,141.357045,republican
-299.398347,112.76351700000001,republican
-304.2813255,96.91434989999999,republican
-288.735642,120.41339099999999,republican
-267.414348,97.87040999999999,republican
-237.754362,107.114982,democrat
-302.3539431,99.4995948,republican
-255.215373,123.275727,republican
-253.460646,113.594403,republican
-296.701425,143.170308,republican
-302.639856,112.66493700000001,republican
-253.837821,91.73606099999999,democrat
-256.40639400000003,122.13619800000001,republican
-277.333878,104.686578,republican
-229.82108699999998,126.15727799999999,republican
-253.37481599999998,114.122034,democrat
-257.940084,131.902899,republican
-252.33459899999997,123.05897100000001,republican
-295.507995,122.59808100000001,republican
-313.106088,103.077819,republican
-278.13460499999997,93.268893,republican
-259.2615747,107.56902629999999,republican
-283.26072,120.99498,republican
-246.20143050000001,114.4712328,republican
-306.9984363,99.45427620000001,republican
-256.26181499999996,116.413656,republican
-309.629235,119.89737,republican
-296.2439691,79.6891227,democrat
-222.71045999999998,124.58276999999998,republican
-293.248149,130.01013,republican
-346.70832,98.54265,democrat
-277.233111,90.874491,republican
-250.79226,118.03353,republican
-282.14661,136.25823,republican
-252.68078100000002,91.43235,republican
-290.51174100000003,111.703521,republican
-266.62269,109.51268999999999,republican
-277.426383,128.542437,republican
-285.947046,112.69284900000001,republican
-299.63536799999997,146.102658,democrat
-278.801169,92.312043,republican
-343.123704,128.21060699999998,republican
-294.066987,122.618451,republican
-335.6581944,123.8184117,republican
-249.83111100000002,94.812918,republican
-367.9423263,142.783506,democrat
-317.012349,119.068209,democrat
-253.94484,117.93705,republican
-291.77699099999995,112.95592200000002,republican
-260.5557492,109.4989008,republican
-216.29856,124.06694999999999,democrat
-262.936365,125.682882,democrat
-274.870092,118.26849899999999,republican
-243.1423986,117.49989149999999,republican
-232.5918612,116.4669978,democrat
-357.042171,133.488978,republican
-289.90604640000004,91.4294634,republican
-234.8539902,115.2343845,republican
-340.57732799999997,111.71804130000001,republican
-252.94980300000003,112.552752,republican
-232.3739349,115.2501795,republican
-312.450507,92.1054843,republican
-246.27453,108.05703,democrat
-229.192902,120.99478200000001,republican
-283.930806,127.158183,republican
-265.698456,99.319818,democrat
-266.17904250000004,108.8707212,republican
-229.420452,127.359018,democrat
-267.060045,140.133525,republican
-262.626588,111.93321,republican
-258.342354,121.450611,republican
-318.357687,145.952142,republican
-274.173984,111.457494,republican
-275.515998,127.41098400000001,republican
-283.1946474,97.57018769999999,republican
-335.23534770000003,125.11289339999999,republican
-253.287693,132.097809,republican
-261.261417,113.19501299999999,republican
-255.719913,94.55093400000001,republican
-229.584246,112.82092499999999,democrat
-292.5061323,84.0010782,republican
-234.30764699999997,128.455734,republican
-237.3497859,111.64745729999999,republican
-296.055156,111.66871800000001,republican
-271.868367,117.448329,republican
-267.250128,91.249608,republican
-270.989979,126.36264299999999,republican
-253.752972,124.694877,republican
-251.759448,92.59385999999999,republican
-251.53226999999998,110.260257,republican
-278.48799299999996,101.55698100000001,republican
-243.6342075,109.95366239999998,republican
-290.936919,131.82683400000002,republican
-228.78207299999997,108.79559700000001,democrat
-238.04258099999998,107.91634199999999,republican
-240.752112,123.668655,republican
-322.151922,113.43455699999998,republican
-368.0794521,138.5995875,republican
-244.943061,104.101389,republican
-283.033464,98.3794983,republican
-255.02020500000003,119.58927299999999,republican
-277.333878,104.686578,republican
-293.91195300000004,103.18106700000001,republican
-255.626442,92.36774700000001,republican
-285.3658044,93.2503356,republican
-250.12607400000002,104.660604,democrat
-282.65993100000003,107.98209,republican
-270.4003179,128.9197371,democrat
-289.741851,94.5785562,republican
-261.56337,119.5443,republican
-287.818758,141.863667,republican
-283.00111499999997,140.855235,republican
-368.6565465,140.79599489999998,democrat
-299.18059800000003,124.181679,republican
-254.445642,89.03338199999999,republican
-280.69232999999997,131.29737,republican
-229.209735,108.542691,republican
-297.283767,138.98588999999998,republican
-269.23281,122.23760999999999,republican
-269.8961523,130.3205184,republican
-252.389637,123.073599,republican
-285.87165,128.02077,republican
-262.386213,119.562135,republican
-253.934274,119.21643,republican
-316.511814,140.437164,republican
-243.39723600000002,98.646996,democrat
-280.480041,126.210072,republican
-278.988195,97.06732199999999,republican
-264.290592,99.8904,republican
-229.97747700000002,104.15418,republican
-280.500681,118.282125,republican
-281.435589,116.22458400000001,republican
-273.195657,89.7099,republican
-361.56597899999997,118.73077500000001,republican
-247.88686199999998,117.11214,republican
-340.52928599999996,128.31886500000002,republican
-260.399154,111.05429699999999,republican
-253.56765660000002,107.54571000000001,republican
-277.4037915,135.0937164,republican
-335.36116499999997,126.086376,republican
-264.88554,126.993441,republican
-314.35490400000003,104.609346,democrat
-234.1186566,118.3605729,republican
-290.10260999999997,126.53165999999999,republican
-240.768477,81.900132,republican
-249.419871,87.988554,republican
-259.695423,121.75494,republican
-310.277421,130.971912,republican
-277.333878,104.686578,republican
-239.769984,105.742851,republican
-307.0287699,102.09650009999999,republican
-293.61762899999997,117.008343,republican
-232.75836600000002,106.435443,republican
-243.29106000000002,106.07709,republican
-293.67404700000003,127.903215,republican
-305.123574,112.68899100000002,republican
-297.22495200000003,122.56579500000001,republican
-345.25615500000004,141.389061,republican
-248.449998,105.63030899999998,republican
-257.9202285,108.7608678,republican
-265.627122,112.251507,republican
-253.83358199999998,133.183551,republican
-215.20569899999998,134.0425563,republican
-240.12097950000003,117.98425710000001,republican
-228.93204000000003,120.229659,republican
-313.0624266,126.1971288,republican
-233.683308,125.245761,republican
-246.24120900000003,109.238673,republican
-232.2206025,111.6667482,democrat
-324.67972499999996,141.425751,republican
-270.3655215,131.8597143,republican
-263.5496331,106.9013967,republican
-295.5948942,86.5663302,republican
-239.47878000000003,102.617799,republican
-254.808402,122.23719,republican
-258.79663500000004,109.546797,republican
-268.10585100000003,123.868182,republican
-261.8358,102.566325,republican
-274.469151,112.80921599999999,republican
-234.4487454,116.07789780000002,republican
-247.79851499999998,95.586654,republican
-287.26699199999996,117.12541499999999,republican
-284.5014,126.127641,republican
-219.779343,125.2761039,republican
-252.384219,132.99984,republican
-280.480041,126.210072,republican
-304.982481,134.969292,republican
-251.943336,99.959589,republican
-297.973476,118.03801800000001,republican
-244.71432900000002,122.846118,republican
-265.83405899999997,106.26075900000001,republican
-269.733015,125.25201899999999,republican
-290.46662100000003,117.90136799999999,republican
-255.56501400000002,101.988045,republican
-237.20842499999998,101.503749,republican
-262.37596199999996,119.240055,republican
-276.01937399999997,118.49481,republican
-297.26679,134.694459,republican
-274.148253,129.82489199999998,republican
-299.992557,141.42847799999998,republican
-278.608059,132.062118,republican
-234.7686003,110.83358369999999,republican
-243.3462327,111.39363029999998,republican
-296.0911122,91.99899359999999,republican
-258.206154,118.407516,republican
-257.82482400000004,95.395959,republican
-311.75322,110.53505999999999,republican
-293.37183,110.161755,republican
-291.747213,106.55628,republican
-233.927637,121.546113,republican
-244.20286499999997,78.356358,republican
-366.02826000000005,117.64299,republican
-285.80925,109.31208,republican
-323.079837,138.637737,republican
-269.658114,94.79289,republican
-321.29016,138.87413999999998,republican
-256.3892841,107.7737691,republican
-361.662321,114.573204,republican
-240.5972478,112.4280675,republican
-290.3370207,98.2861215,democrat
-268.45615499999997,103.05923399999999,republican
-261.302424,108.76550700000001,republican
-299.396925,140.627898,republican
-265.904433,93.638538,republican
-256.97053800000003,126.40523400000001,republican
-335.73093719999997,121.9896891,democrat
-277.333878,104.686578,democrat
-250.57779299999999,94.371009,republican
-241.374504,76.675284,democrat
-263.605959,114.082842,republican
-329.48274,98.68854,democrat
-299.19304739999995,101.85069510000001,republican
-286.6568469,92.0387223,republican
-298.706637,118.99298399999999,republican
-244.682226,107.842203,republican
-273.27071789999997,131.6671548,democrat
-264.600171,97.792443,democrat
-314.26664100000005,111.375894,democrat
-277.333878,104.686578,republican
-267.335979,97.93176299999999,republican
-262.754004,122.48075699999998,republican
-273.506403,121.20395400000001,republican
-283.7782353,94.79115089999999,republican
-233.57259600000003,107.416662,republican
-269.855886,91.23006600000001,republican
-272.243934,119.34741000000001,republican
-240.794463,104.976858,democrat
-237.15533820000002,114.5019522,democrat
-299.9339766,95.48476529999999,republican
-248.84961,98.56629,republican
-239.41864499999997,107.12974500000001,republican
-267.201339,135.81843659999998,republican
-288.789714,131.008761,republican
-234.837498,117.6381093,republican
-280.480041,126.210072,republican
-280.11947100000003,134.71242,democrat
-275.662104,110.323107,republican
-321.15258900000003,111.60718500000002,republican
-240.23891100000003,79.376709,republican
-277.861065,133.281471,republican
-274.5045,89.38812,republican
-261.903282,101.374674,republican
-361.114755,132.48916200000002,republican
-308.4448116,102.10475819999999,republican
-283.0473,114.723522,republican
-337.7109249,126.48858809999999,republican
-238.845189,101.50049100000001,democrat
-235.548654,126.348504,republican
-226.49054999999998,122.05863000000001,republican
-247.61150700000002,82.00506899999999,republican
-251.936103,131.099133,republican
-318.865446,107.548542,democrat
-231.4740951,116.61242490000001,democrat
-279.562842,110.90921699999998,republican
-292.46044500000005,106.77015300000001,republican
-365.6484525,146.4323457,democrat
-313.6085706,131.5193595,republican
-213.60468,131.603322,republican
-263.281857,117.008361,republican
-223.011966,127.966707,republican
-243.52051500000002,124.49796599999999,republican
-292.9691775,99.6417639,republican
-284.701728,138.199707,republican
-292.853322,130.802076,republican
-248.69212799999997,92.14202399999999,republican
-219.57864,127.53774,democrat
-291.266835,124.72487999999998,republican
-292.46044500000005,106.77015300000001,republican
-291.429309,120.527208,republican
-281.526561,136.355592,republican
-226.954398,118.778685,democrat
-296.1141948,81.0196275,democrat
-267.815208,106.43690699999999,republican
-365.1914646,144.0224208,democrat
-256.3350867,107.0381328,republican
-292.26761999999997,113.75004,republican
-318.987744,121.990296,republican
-243.1918041,110.73552029999999,republican
-284.289261,117.34615199999999,democrat
-313.515363,117.626901,republican
-283.3438878,100.2596658,republican
-269.111421,102.09199799999999,republican
-263.4758268,109.52780159999999,republican
-254.825691,111.539382,republican
-306.77769420000004,103.4857608,republican
-292.46044500000005,106.77015300000001,republican
-303.1358013,95.4454248,republican
-254.28641399999998,100.058691,republican
-246.010971,80.719188,republican
-288.530553,134.999478,republican
-263.819049,127.125363,republican
-277.333878,104.686578,republican
-245.27612999999997,105.98702999999999,republican
-224.04312600000003,120.979599,democrat
-266.03464199999996,94.927509,republican
-258.9359994,108.43999740000001,republican
-253.014975,94.11504000000001,democrat
-277.81077600000003,120.57199800000001,republican
-258.535692,94.622154,democrat
-269.72107200000005,96.859605,republican
-244.7052387,111.37081230000001,republican
-232.10823,104.06071500000002,republican
-299.58183180000003,98.14078380000001,republican
-358.075056,102.99248700000001,democrat
-305.7313065,107.4468363,republican
-327.726969,99.716616,republican
-280.480041,126.210072,republican
-245.56514399999998,123.329925,republican
-246.041409,118.01783699999999,democrat
-242.1891867,111.1741716,republican
-281.222391,96.17774399999999,republican
-248.21487000000002,114.22335899999999,republican
-310.09204800000003,141.021132,republican
-269.23197,122.986779,republican
-270.30111,107.422725,republican
-228.09272699999997,127.31873399999999,republican
-251.26959,95.76080400000001,republican
-289.0493316,92.0979567,republican
-296.5892688,96.89357820000001,republican
-335.821626,137.55228,republican
-266.39659500000005,118.154751,republican
-311.85048600000005,125.78813699999999,republican
-307.7949354,104.7971922,republican
-273.9120939,134.1772929,democrat
-242.079945,125.101608,republican
-244.82294100000001,105.149388,republican
-278.711547,136.51633199999998,republican
-232.80822600000002,107.75123099999999,democrat
-344.321889,128.722464,republican
-281.550042,113.200965,republican
-329.63493,98.79548400000002,republican
-275.927031,89.918115,republican
-268.309776,116.65777200000001,republican
-280.480041,126.210072,republican
-299.853744,135.04653299999998,republican
-298.1654517,90.137151,republican
-247.45034099999998,118.471026,republican
-310.56378900000004,138.616611,republican
-296.541195,128.734476,republican
-271.63104300000003,114.77288999999999,republican
-247.870113,90.664953,republican
-255.31488000000002,108.83270099999999,democrat
-299.155053,128.62644,republican
-241.96920599999999,98.548158,republican
-257.684619,127.617885,republican
-283.8543531,93.7633635,republican
-303.8567211,100.7336454,republican
-242.23193730000003,110.20974480000001,republican
-345.04319399999997,108.64238999999999,democrat
-316.460292,121.974279,democrat
-287.481447,125.065752,republican
-355.228431,121.318917,republican
-304.93334699999997,123.58273500000001,republican
-294.391296,112.78909200000001,republican
